[{"fields": {"category": "test", "ident": 1, "name": "home", "mqttmaintpath": "rmap", "lon": 11.12345, "lat": 44.12345, "mqttrootpath": "rmap", "active": false, "slug": "home", "network": "rmap"}, "model": "stations.stationmetadata", "pk": 1}, {"fields": {"category": "test", "ident": 1, "name": "neighbor", "mqttmaintpath": "rmap", "lon": 12.12345, "lat": 45.12345, "mqttrootpath": "rmap", "active": false, "slug": "neighbor", "network": "rmap"}, "model": "stations.stationmetadata", "pk": 2}, {"fields": {"category": "test", "ident": 1, "name": "far", "mqttmaintpath": "rmap", "lon": 11.12345, "lat": 45.12345, "mqttrootpath": "rmap", "active": false, "slug": "far", "network": "rmap"}, "model": "stations.stationmetadata", "pk": 3}, {"fields": {"category": "test", "ident": 2, "name": "mobile", "mqttmaintpath": "mobile", "lon": 11.35706, "lat": 44.51241, "mqttrootpath": "mobile", "active": true, "slug": "mobile", "network": "mobile"}, "model": "stations.stationmetadata", "pk": 4}, {"fields": {"category": "unknown", "ident": 1, "name": "fixed", "mqttmaintpath": "rmap", "lon": 0.0, "lat": 0.0, "mqttrootpath": "rmap", "active": true, "slug": "fixed", "network": "rmap"}, "model": "stations.stationmetadata", "pk": 5}, {"fields": {"certification": "ARPA-ER", "user": 1, "accepted_license": false}, "model": "stations.userprofile", "pk": 1}, {"fields": {"certification": "ARPA-ER", "user": 2, "accepted_license": false}, "model": "stations.userprofile", "pk": 2}, {"fields": {"active": true, "btable": "B01019", "stationmetadata": 1, "value": "R-map test station at home"}, "model": "stations.stationconstantdata", "pk": 1}, {"fields": {"active": true, "btable": "B07030", "stationmetadata": 1, "value": "400"}, "model": "stations.stationconstantdata", "pk": 2}, {"fields": {"active": true, "btable": "B01019", "stationmetadata": 2, "value": "neighbor"}, "model": "stations.stationconstantdata", "pk": 5}, {"fields": {"active": true, "btable": "B07030", "stationmetadata": 3, "value": "800"}, "model": "stations.stationconstantdata", "pk": 6}, {"fields": {"active": true, "btable": "B01019", "stationmetadata": 4, "value": ""}, "model": "stations.stationconstantdata", "pk": 7}, {"fields": {"active": true, "btable": "B07030", "stationmetadata": 4, "value": "0"}, "model": "stations.stationconstantdata", "pk": 8}, {"fields": {"active": true, "category": "base", "stationmetadata": 1, "name": "base", "slug": "base"}, "model": "stations.board", "pk": 1}, {"fields": {"active": true, "category": "master", "stationmetadata": 1, "name": "master", "slug": "master"}, "model": "stations.board", "pk": 2}, {"fields": {"active": true, "category": "satellite", "stationmetadata": 1, "name": "satellite", "slug": "satellite"}, "model": "stations.board", "pk": 3}, {"fields": {"active": false, "category": "master", "stationmetadata": 1, "name": "master2", "slug": "master2"}, "model": "stations.board", "pk": 4}, {"fields": {"active": false, "category": "satellite", "stationmetadata": 1, "name": "satellite2", "slug": "satellite2"}, "model": "stations.board", "pk": 5}, {"fields": {"active": false, "category": "master", "stationmetadata": 2, "name": "master neighbor", "slug": "master-neighbor"}, "model": "stations.board", "pk": 6}, {"fields": {"active": true, "category": "master", "stationmetadata": 3, "name": "master far", "slug": "master-far"}, "model": "stations.board", "pk": 7}, {"fields": {"active": true, "category": "bluetooth", "stationmetadata": 4, "name": "bluetooth", "slug": "bluetooth"}, "model": "stations.board", "pk": 8}, {"fields": {"active": true, "category": "bluetooth", "stationmetadata": 5, "name": "bluetooth fixed", "slug": "bluetooth_fixed"}, "model": "stations.board", "pk": 9}, {"fields": {"exchange": "rmap", "queue": "rmap", "amqpuser": "rmap", "board": 1, "active": true, "amqpserver": "rmap.cc", "amqppassword": "rmap"}, "model": "stations.transportamqp", "pk": 1}, {"fields": {"active": true, "name": "stima", "board": 8}, "model": "stations.transportbluetooth", "pk": 1}, {"fields": {"active": true, "name": "stima", "board": 9}, "model": "stations.transportbluetooth", "pk": 2}, {"fields": {"active": true, "device": "/dev/ttyACM0", "baudrate": 9600, "board": 2}, "model": "stations.transportserial", "pk": 1}, {"fields": {"active": true, "device": "/dev/ttyUSB0", "baudrate": 9600, "board": 3}, "model": "stations.transportserial", "pk": 2}, {"fields": {"active": true, "device": "/dev/ttyACM1", "baudrate": 9600, "board": 4}, "model": "stations.transportserial", "pk": 3}, {"fields": {"active": true, "device": "/dev/ttyUSB1", "baudrate": 9600, "board": 5}, "model": "stations.transportserial", "pk": 4}, {"fields": {"active": true, "device": "/dev/ttyACM3", "baudrate": 9600, "board": 7}, "model": "stations.transportserial", "pk": 5}, {"fields": {"active": true, "device": "/dev/ttyACM2", "baudrate": 9600, "board": 6}, "model": "stations.transportserial", "pk": 6}, {"fields": {"active": true, "ntpserver": "ntpserver", "name": "master", "board": 2}, "model": "stations.transporttcpip", "pk": 2}, {"fields": {"active": true, "ntpserver": "ntpserver", "name": "master2", "board": 4}, "model": "stations.transporttcpip", "pk": 3}, {"fields": {"active": true, "ntpserver": "ntpserver", "name": "master2", "board": 6}, "model": "stations.transporttcpip", "pk": 4}, {"fields": {"active": true, "ntpserver": "0.fedora.pool.ntp.org", "name": "master3", "board": 7}, "model": "stations.transporttcpip", "pk": 5}, {"fields": {"active": true, "ntpserver": "ntpserver", "name": "master", "board": 1}, "model": "stations.transporttcpip", "pk": 6}, {"fields": {"active": false, "ntpserver": "ntpserver", "name": "master", "board": 8}, "model": "stations.transporttcpip", "pk": 7}, {"fields": {"mqttuser": "pat1", "board": 8, "active": true, "mqttpassword": "1password", "mqttserver": "rmap.cc", "mqttsampletime": 5}, "model": "stations.transportmqtt", "pk": 1}, {"fields": {"mqttuser": "", "board": 7, "active": false, "mqttpassword": "", "mqttserver": "rmap.cc", "mqttsampletime": 5}, "model": "stations.transportmqtt", "pk": 2}, {"fields": {"mqttuser": "", "board": 9, "active": true, "mqttpassword": "", "mqttserver": "rmap.cc", "mqttsampletime": 5}, "model": "stations.transportmqtt", "pk": 3}, {"fields": {"node": 1, "iv": "0,1,2,3,4,5,6,7,8,9,10,11,12,13,14,15", "board": 3, "key": "0,1,2,3,4,5,6,7,8,9,10,11,12,13,14,15", "active": true, "channel": 93}, "model": "stations.transportrf24network", "pk": 1}, {"fields": {"node": 0, "iv": "0,1,2,3,4,5,6,7,8,9,10,11,12,13,14,15", "board": 2, "key": "0,1,2,3,4,5,6,7,8,9,10,11,12,13,14,15", "active": true, "channel": 93}, "model": "stations.transportrf24network", "pk": 2}, {"fields": {"node": 2, "iv": "0,1,1,3,4,5,6,7,8,9,10,11,12,13,14,15", "board": 4, "key": "0,1,1,3,4,5,6,7,8,9,10,11,12,13,14,15", "active": true, "channel": 94}, "model": "stations.transportrf24network", "pk": 3}, {"fields": {"node": 3, "iv": "0,1,1,3,4,5,6,7,8,9,10,11,12,13,14,15", "board": 5, "key": "0,1,1,3,4,5,6,7,8,9,10,11,12,13,14,15", "active": true, "channel": 94}, "model": "stations.transportrf24network", "pk": 4}, {"fields": {"node": 4, "iv": "0,1,2,1,4,5,6,7,8,9,10,11,12,13,14,15", "board": 6, "key": "0,1,2,1,4,5,6,7,8,9,10,11,12,13,14,15", "active": true, "channel": 95}, "model": "stations.transportrf24network", "pk": 5}, {"fields": {"node": 1, "name": "humidity", "level": "105,3000,-,-", "timerange": "254,0,0", "driver": "I2C", "i2cbus": 1, "board": 1, "address": 39, "active": true, "type": "HIH"}, "model": "stations.sensor", "pk": 1}, {"fields": {"node": 1, "name": "temperature", "level": "105,200,-,-", "timerange": "254,0,0", "driver": "I2C", "i2cbus": 1, "board": 2, "address": 72, "active": true, "type": "TMP"}, "model": "stations.sensor", "pk": 2}, {"fields": {"node": 1, "name": "temperature", "level": "105,20,-,-", "timerange": "254,0,0", "driver": "I2C", "i2cbus": 1, "board": 3, "address": 72, "active": true, "type": "TMP"}, "model": "stations.sensor", "pk": 3}, {"fields": {"node": 1, "name": "temperature rf24", "level": "105,20,-,-", "timerange": "254,0,0", "driver": "RF24", "i2cbus": 1, "board": 2, "address": 72, "active": true, "type": "TMP"}, "model": "stations.sensor", "pk": 4}, {"fields": {"node": 1, "name": "temperature", "level": "105,500,-,-", "timerange": "254,0,0", "driver": "I2C", "i2cbus": 1, "board": 4, "address": 72, "active": true, "type": "TMP"}, "model": "stations.sensor", "pk": 5}, {"fields": {"node": 3, "name": "temperature rf24", "level": "105,50,-,-", "timerange": "254,0,0", "driver": "RF24", "i2cbus": 1, "board": 4, "address": 72, "active": true, "type": "TMP"}, "model": "stations.sensor", "pk": 6}, {"fields": {"node": 1, "name": "temperature", "level": "105,50,-,-", "timerange": "254,0,0", "driver": "I2C", "i2cbus": 1, "board": 5, "address": 72, "active": true, "type": "TMP"}, "model": "stations.sensor", "pk": 7}, {"fields": {"node": 1, "name": "temperature", "level": "105,200,-,-", "timerange": "254,0,0", "driver": "I2C", "i2cbus": 1, "board": 6, "address": 72, "active": true, "type": "TMP"}, "model": "stations.sensor", "pk": 8}, {"fields": {"node": 1, "name": "temperature", "level": "105,200,-,-", "timerange": "254,0,0", "driver": "I2C", "i2cbus": 1, "board": 7, "address": 72, "active": true, "type": "TMP"}, "model": "stations.sensor", "pk": 9}, {"fields": {"node": 1, "name": "temperature", "level": "105,2000,-,-", "timerange": "254,0,0", "driver": "I2C", "i2cbus": 1, "board": 1, "address": 72, "active": true, "type": "TMP"}, "model": "stations.sensor", "pk": 10}, {"fields": {"node": 1, "name": "pressure", "level": "105,4000,-,-", "timerange": "254,0,0", "driver": "I2C", "i2cbus": 1, "board": 1, "address": 119, "active": true, "type": "BMP"}, "model": "stations.sensor", "pk": 11}, {"fields": {"node": 1, "name": "temperature", "level": "103,2,-,-", "timerange": "254,0,0", "driver": "JRPC", "i2cbus": 1, "board": 8, "address": 72, "active": true, "type": "TMP"}, "model": "stations.sensor", "pk": 12}, {"fields": {"node": 1, "name": "my sensor", "level": "103,2000,-,-", "timerange": "254,0,0", "driver": "I2C", "i2cbus": 1, "board": 7, "address": 72, "active": false, "type": "TMP"}, "model": "stations.sensor", "pk": 15}, {"fields": {"node": 1, "name": "temperature", "level": "103,2,-,-", "timerange": "254,0,0", "driver": "JRPC", "i2cbus": 1, "board": 9, "address": 72, "active": true, "type": "TMP"}, "model": "stations.sensor", "pk": 16}]