<?xml version="1.0" encoding="UTF-8"?>
<export version="D">
  <design>
    <source>/home/daniele/r-map-code/trunk/kicad/r-map_v2/master/master.sch</source>
    <date>Thu 19 Feb 2015 18:49:21 UTC</date>
    <tool>Eeschema (2014-12-03 BZR 5311)-product</tool>
  </design>
  <components>
    <comp ref="P1">
      <value>NRF24L01_BRD</value>
      <footprint>Rmap:NRF24L01</footprint>
      <libsource lib="nrf24l01_brd" part="NRF24L01_BRD"/>
      <sheetpath names="/" tstamps="/"/>
      <tstamp>5484682C</tstamp>
    </comp>
    <comp ref="P2">
      <value>ENC28J60_BRD</value>
      <footprint>Rmap:ENC28J60_capovolto</footprint>
      <libsource lib="enc28j60_brd" part="ENC28J60_BRD"/>
      <sheetpath names="/" tstamps="/"/>
      <tstamp>54846911</tstamp>
    </comp>
    <comp ref="C2">
      <value>C</value>
      <footprint>SMD_Packages:SMD-1206</footprint>
      <libsource lib="device" part="C"/>
      <sheetpath names="/" tstamps="/"/>
      <tstamp>548471BF</tstamp>
    </comp>
    <comp ref="C3">
      <value>CP2</value>
      <footprint>Discret:C1.5V8V</footprint>
      <libsource lib="device" part="CP2"/>
      <sheetpath names="/" tstamps="/"/>
      <tstamp>54847234</tstamp>
    </comp>
    <comp ref="C1">
      <value>CP2</value>
      <footprint>SMD_Packages:SMD-1206</footprint>
      <libsource lib="device" part="CP2"/>
      <sheetpath names="/" tstamps="/"/>
      <tstamp>5484726E</tstamp>
    </comp>
    <comp ref="P8">
      <value>RTC</value>
      <footprint>Rmap:RTC_0I2C_AT24C32_DS1307_capovolto</footprint>
      <libsource lib="rtc_i2c_at24c32_ds1307" part="RTC_I2C_AT24C32_DS1307"/>
      <sheetpath names="/" tstamps="/"/>
      <tstamp>54847CB6</tstamp>
    </comp>
    <comp ref="R2">
      <value>R</value>
      <footprint>Discret:R3-LARGE_PADS</footprint>
      <libsource lib="device" part="R"/>
      <sheetpath names="/" tstamps="/"/>
      <tstamp>548482B2</tstamp>
    </comp>
    <comp ref="R1">
      <value>R</value>
      <footprint>Discret:R3-LARGE_PADS</footprint>
      <libsource lib="device" part="R"/>
      <sheetpath names="/" tstamps="/"/>
      <tstamp>5484830C</tstamp>
    </comp>
    <comp ref="J1">
      <value>I2C</value>
      <footprint>Connect:RJ45_8</footprint>
      <libsource lib="conn" part="RJ45"/>
      <sheetpath names="/" tstamps="/"/>
      <tstamp>54848597</tstamp>
    </comp>
    <comp ref="P12">
      <value>CONFIG</value>
      <footprint>Pin_Headers:Pin_Header_Straight_1x02</footprint>
      <libsource lib="conn" part="CONN_01X02"/>
      <sheetpath names="/" tstamps="/"/>
      <tstamp>54849046</tstamp>
    </comp>
    <comp ref="SW1">
      <value>SPST</value>
      <footprint>Discret:SW_PUSH_SMALL</footprint>
      <libsource lib="device" part="SPST"/>
      <sheetpath names="/" tstamps="/"/>
      <tstamp>5484991E</tstamp>
    </comp>
    <comp ref="P5">
      <value>DC_DC</value>
      <footprint>Rmap:DC_DC</footprint>
      <libsource lib="dc-dc_conv" part="DC_DC"/>
      <sheetpath names="/" tstamps="/"/>
      <tstamp>54849BBA</tstamp>
    </comp>
    <comp ref="P4">
      <value>CONN_01X03</value>
      <footprint>Connect:BARREL_JACK</footprint>
      <libsource lib="conn" part="CONN_01X03"/>
      <sheetpath names="/" tstamps="/"/>
      <tstamp>54849DFE</tstamp>
    </comp>
    <comp ref="P3">
      <value>CONN_01X02</value>
      <footprint>Pin_Headers:Pin_Header_Straight_1x02</footprint>
      <libsource lib="conn" part="CONN_01X02"/>
      <sheetpath names="/" tstamps="/"/>
      <tstamp>54849E63</tstamp>
    </comp>
    <comp ref="U2">
      <value>LM1117-3.3</value>
      <footprint>SMD_Packages:SOT-223</footprint>
      <libsource lib="regul" part="LM317_SOT223"/>
      <sheetpath names="/" tstamps="/"/>
      <tstamp>5484B372</tstamp>
    </comp>
    <comp ref="C5">
      <value>C</value>
      <footprint>SMD_Packages:SMD-1206</footprint>
      <libsource lib="device" part="C"/>
      <sheetpath names="/" tstamps="/"/>
      <tstamp>5484BDC8</tstamp>
    </comp>
    <comp ref="C4">
      <value>C</value>
      <footprint>SMD_Packages:SMD-1206</footprint>
      <libsource lib="device" part="C"/>
      <sheetpath names="/" tstamps="/"/>
      <tstamp>5484BE53</tstamp>
    </comp>
    <comp ref="U1">
      <value>ESDA6V1-5SC6</value>
      <footprint>SMD_Packages:SOT-23-6</footprint>
      <libsource lib="esda6v1-5sc6" part="ESDA6V1-5SC6"/>
      <sheetpath names="/" tstamps="/"/>
      <tstamp>548CBC48</tstamp>
    </comp>
    <comp ref="P10">
      <value>CONN_01X06</value>
      <footprint>Pin_Headers:Pin_Header_Straight_1x06</footprint>
      <libsource lib="conn" part="CONN_01X06"/>
      <sheetpath names="/" tstamps="/"/>
      <tstamp>548CC869</tstamp>
    </comp>
    <comp ref="P6">
      <value>CONN_01X02</value>
      <footprint>Pin_Headers:Pin_Header_Straight_1x02</footprint>
      <libsource lib="conn" part="CONN_01X02"/>
      <sheetpath names="/" tstamps="/"/>
      <tstamp>548CE063</tstamp>
    </comp>
    <comp ref="D1">
      <value>LED</value>
      <footprint>LEDs:LED-3MM</footprint>
      <libsource lib="device" part="LED"/>
      <sheetpath names="/" tstamps="/"/>
      <tstamp>548CF682</tstamp>
    </comp>
    <comp ref="R3">
      <value>R</value>
      <footprint>Discret:R3-LARGE_PADS</footprint>
      <libsource lib="device" part="R"/>
      <sheetpath names="/" tstamps="/"/>
      <tstamp>548CF715</tstamp>
    </comp>
    <comp ref="P11">
      <value>CONN_01X01</value>
      <footprint>Mounting_Holes:MountingHole_3mm</footprint>
      <libsource lib="conn" part="CONN_01X01"/>
      <sheetpath names="/" tstamps="/"/>
      <tstamp>548DACD4</tstamp>
    </comp>
    <comp ref="P13">
      <value>CONN_01X01</value>
      <footprint>Mounting_Holes:MountingHole_3mm</footprint>
      <libsource lib="conn" part="CONN_01X01"/>
      <sheetpath names="/" tstamps="/"/>
      <tstamp>548DAD07</tstamp>
    </comp>
    <comp ref="P14">
      <value>CONN_01X01</value>
      <footprint>Mounting_Holes:MountingHole_3mm</footprint>
      <libsource lib="conn" part="CONN_01X01"/>
      <sheetpath names="/" tstamps="/"/>
      <tstamp>548DD5A1</tstamp>
    </comp>
    <comp ref="P7">
      <value>CONN_01X05</value>
      <footprint>Pin_Headers:Pin_Header_Straight_1x05</footprint>
      <libsource lib="conn" part="CONN_01X05"/>
      <sheetpath names="/" tstamps="/"/>
      <tstamp>548DDBBD</tstamp>
    </comp>
    <comp ref="P9">
      <value>CONN_01X05</value>
      <footprint>Pin_Headers:Pin_Header_Straight_1x05</footprint>
      <libsource lib="conn" part="CONN_01X05"/>
      <sheetpath names="/" tstamps="/"/>
      <tstamp>548DDC59</tstamp>
    </comp>
    <comp ref="U3">
      <value>TMP275</value>
      <footprint>Power_Integrations:SO-8</footprint>
      <libsource lib="tmp275" part="TMP275"/>
      <sheetpath names="/" tstamps="/"/>
      <tstamp>548EFFE4</tstamp>
    </comp>
    <comp ref="P15">
      <value>CONN_01X03</value>
      <libsource lib="conn" part="CONN_01X03"/>
      <sheetpath names="/" tstamps="/"/>
      <tstamp>54E07A86</tstamp>
    </comp>
    <comp ref="SHIELD1">
      <value>ARDUINO_MEGA_SHIELD</value>
      <libsource lib="arduino_shieldsNCL" part="ARDUINO_MEGA_SHIELD"/>
      <sheetpath names="/" tstamps="/"/>
      <tstamp>54E0A8A0</tstamp>
    </comp>
  </components>
  <libparts>
    <libpart lib="device" part="C">
      <description>Condensateur non polarise</description>
      <footprints>
        <fp>SM*</fp>
        <fp>C?</fp>
        <fp>C1-1</fp>
      </footprints>
      <fields>
        <field name="Reference">C</field>
        <field name="Value">C</field>
      </fields>
      <pins>
        <pin num="1" name="~" type="passive"/>
        <pin num="2" name="~" type="passive"/>
      </pins>
    </libpart>
    <libpart lib="device" part="CP2">
      <footprints>
        <fp>SM*</fp>
        <fp>C?</fp>
        <fp>C1-1</fp>
      </footprints>
      <fields>
        <field name="Reference">C</field>
        <field name="Value">CP2</field>
      </fields>
      <pins>
        <pin num="1" name="~" type="passive"/>
        <pin num="2" name="~" type="passive"/>
      </pins>
    </libpart>
    <libpart lib="device" part="LED">
      <footprints>
        <fp>LED-3MM</fp>
        <fp>LED-5MM</fp>
        <fp>LED-10MM</fp>
        <fp>LED-0603</fp>
        <fp>LED-0805</fp>
        <fp>LED-1206</fp>
        <fp>LEDV</fp>
      </footprints>
      <fields>
        <field name="Reference">D</field>
        <field name="Value">LED</field>
      </fields>
      <pins>
        <pin num="1" name="A" type="passive"/>
        <pin num="2" name="K" type="passive"/>
      </pins>
    </libpart>
    <libpart lib="device" part="R">
      <description>Resistance</description>
      <footprints>
        <fp>R?</fp>
        <fp>SM0603</fp>
        <fp>SM0805</fp>
        <fp>R?-*</fp>
        <fp>SM1206</fp>
      </footprints>
      <fields>
        <field name="Reference">R</field>
        <field name="Value">R</field>
      </fields>
      <pins>
        <pin num="1" name="~" type="passive"/>
        <pin num="2" name="~" type="passive"/>
      </pins>
    </libpart>
    <libpart lib="device" part="SPST">
      <description>Interrupteur simple</description>
      <fields>
        <field name="Reference">SW</field>
        <field name="Value">SPST</field>
      </fields>
      <pins>
        <pin num="1" name="1" type="input"/>
        <pin num="2" name="2" type="input"/>
      </pins>
    </libpart>
    <libpart lib="conn" part="CONN_01X01">
      <footprints>
        <fp>Pin_Header_Straight_1X01</fp>
        <fp>Pin_Header_Angled_1X01</fp>
        <fp>Socket_Strip_Straight_1X01</fp>
        <fp>Socket_Strip_Angled_1X01</fp>
      </footprints>
      <fields>
        <field name="Reference">P</field>
        <field name="Value">CONN_01X01</field>
      </fields>
      <pins>
        <pin num="1" name="P1" type="passive"/>
      </pins>
    </libpart>
    <libpart lib="conn" part="CONN_01X02">
      <footprints>
        <fp>Pin_Header_Straight_1X02</fp>
        <fp>Pin_Header_Angled_1X02</fp>
        <fp>Socket_Strip_Straight_1X02</fp>
        <fp>Socket_Strip_Angled_1X02</fp>
      </footprints>
      <fields>
        <field name="Reference">P</field>
        <field name="Value">CONN_01X02</field>
      </fields>
      <pins>
        <pin num="1" name="P1" type="passive"/>
        <pin num="2" name="P2" type="passive"/>
      </pins>
    </libpart>
    <libpart lib="conn" part="CONN_01X03">
      <footprints>
        <fp>Pin_Header_Straight_1X03</fp>
        <fp>Pin_Header_Angled_1X03</fp>
        <fp>Socket_Strip_Straight_1X03</fp>
        <fp>Socket_Strip_Angled_1X03</fp>
      </footprints>
      <fields>
        <field name="Reference">P</field>
        <field name="Value">CONN_01X03</field>
      </fields>
      <pins>
        <pin num="1" name="P1" type="passive"/>
        <pin num="2" name="P2" type="passive"/>
        <pin num="3" name="P3" type="passive"/>
      </pins>
    </libpart>
    <libpart lib="conn" part="CONN_01X05">
      <footprints>
        <fp>Pin_Header_Straight_1X05</fp>
        <fp>Pin_Header_Angled_1X05</fp>
        <fp>Socket_Strip_Straight_1X05</fp>
        <fp>Socket_Strip_Angled_1X05</fp>
      </footprints>
      <fields>
        <field name="Reference">P</field>
        <field name="Value">CONN_01X05</field>
      </fields>
      <pins>
        <pin num="1" name="P1" type="passive"/>
        <pin num="2" name="P2" type="passive"/>
        <pin num="3" name="P3" type="passive"/>
        <pin num="4" name="P4" type="passive"/>
        <pin num="5" name="P5" type="passive"/>
      </pins>
    </libpart>
    <libpart lib="conn" part="CONN_01X06">
      <footprints>
        <fp>Pin_Header_Straight_1X06</fp>
        <fp>Pin_Header_Angled_1X06</fp>
        <fp>Socket_Strip_Straight_1X06</fp>
        <fp>Socket_Strip_Angled_1X06</fp>
      </footprints>
      <fields>
        <field name="Reference">P</field>
        <field name="Value">CONN_01X06</field>
      </fields>
      <pins>
        <pin num="1" name="P1" type="passive"/>
        <pin num="2" name="P2" type="passive"/>
        <pin num="3" name="P3" type="passive"/>
        <pin num="4" name="P4" type="passive"/>
        <pin num="5" name="P5" type="passive"/>
        <pin num="6" name="P6" type="passive"/>
      </pins>
    </libpart>
    <libpart lib="conn" part="RJ45">
      <fields>
        <field name="Reference">J</field>
        <field name="Value">RJ45</field>
      </fields>
      <pins>
        <pin num="1" name="~" type="passive"/>
        <pin num="2" name="~" type="passive"/>
        <pin num="3" name="~" type="passive"/>
        <pin num="4" name="~" type="passive"/>
        <pin num="5" name="~" type="passive"/>
        <pin num="6" name="~" type="passive"/>
        <pin num="7" name="~" type="passive"/>
        <pin num="8" name="~" type="passive"/>
        <pin num="9" name="SHIELD" type="passive"/>
      </pins>
    </libpart>
    <libpart lib="regul" part="LM317_SOT223">
      <description>Linear Regulator (adjustable)</description>
      <docs>regulator/lm117.pdf</docs>
      <fields>
        <field name="Reference">U</field>
        <field name="Value">LM317_SOT223</field>
      </fields>
      <pins>
        <pin num="1" name="ADJ" type="input"/>
        <pin num="2" name="OUT" type="power_out"/>
        <pin num="3" name="IN" type="input"/>
      </pins>
    </libpart>
    <libpart lib="arduino_shieldsNCL" part="ARDUINO_MEGA_SHIELD">
      <fields>
        <field name="Reference">SHIELD</field>
        <field name="Value">ARDUINO_MEGA_SHIELD</field>
      </fields>
      <pins>
        <pin num="0" name="RX0" type="BiDi"/>
        <pin num="1" name="TX0" type="BiDi"/>
        <pin num="2" name="2" type="BiDi"/>
        <pin num="3" name="3" type="BiDi"/>
        <pin num="4" name="4" type="BiDi"/>
        <pin num="5" name="5" type="BiDi"/>
        <pin num="5V" name="5V" type="power_in"/>
        <pin num="6" name="6" type="BiDi"/>
        <pin num="7" name="7" type="BiDi"/>
        <pin num="8" name="8" type="BiDi"/>
        <pin num="9" name="9" type="BiDi"/>
        <pin num="10" name="10" type="BiDi"/>
        <pin num="11" name="11" type="BiDi"/>
        <pin num="12" name="12" type="BiDi"/>
        <pin num="13" name="13" type="BiDi"/>
        <pin num="14" name="TX3" type="BiDi"/>
        <pin num="15" name="RX3" type="BiDi"/>
        <pin num="16" name="TX2" type="BiDi"/>
        <pin num="17" name="RX2" type="BiDi"/>
        <pin num="18" name="TX1" type="BiDi"/>
        <pin num="19" name="RX1" type="BiDi"/>
        <pin num="20" name="SDA" type="BiDi"/>
        <pin num="21" name="SCL" type="BiDi"/>
        <pin num="22" name="PA0" type="BiDi"/>
        <pin num="23" name="PA1" type="BiDi"/>
        <pin num="24" name="PA2" type="BiDi"/>
        <pin num="25" name="PA3" type="BiDi"/>
        <pin num="26" name="PA4" type="BiDi"/>
        <pin num="27" name="PA5" type="BiDi"/>
        <pin num="28" name="PA6" type="BiDi"/>
        <pin num="29" name="PA7" type="BiDi"/>
        <pin num="30" name="PC7" type="BiDi"/>
        <pin num="31" name="PC6" type="BiDi"/>
        <pin num="32" name="PC5" type="BiDi"/>
        <pin num="33" name="PC4" type="BiDi"/>
        <pin num="34" name="PC3" type="BiDi"/>
        <pin num="35" name="PC2" type="BiDi"/>
        <pin num="36" name="PC1" type="BiDi"/>
        <pin num="37" name="PC0" type="BiDi"/>
        <pin num="38" name="PD7" type="BiDi"/>
        <pin num="39" name="PG2" type="BiDi"/>
        <pin num="40" name="PG1" type="BiDi"/>
        <pin num="41" name="PG0" type="BiDi"/>
        <pin num="42" name="PL7" type="BiDi"/>
        <pin num="43" name="PL6" type="BiDi"/>
        <pin num="44" name="PL5" type="BiDi"/>
        <pin num="45" name="PL4" type="BiDi"/>
        <pin num="46" name="PL3" type="BiDi"/>
        <pin num="47" name="PL2" type="BiDi"/>
        <pin num="48" name="PL1" type="BiDi"/>
        <pin num="49" name="PL0" type="BiDi"/>
        <pin num="50" name="PB3_(MISO)" type="BiDi"/>
        <pin num="51" name="PB2_(MOSI)" type="BiDi"/>
        <pin num="52" name="PB1_(SCK)" type="BiDi"/>
        <pin num="53" name="PB0_(SS)" type="BiDi"/>
        <pin num="3V3" name="3V3" type="power_in"/>
        <pin num="5V_4" name="5V_4" type="power_in"/>
        <pin num="5V_5" name="5V_5" type="power_in"/>
        <pin num="AD0" name="AD0" type="BiDi"/>
        <pin num="AD1" name="AD1" type="BiDi"/>
        <pin num="AD2" name="AD2" type="BiDi"/>
        <pin num="AD3" name="AD3" type="BiDi"/>
        <pin num="AD4" name="AD4" type="BiDi"/>
        <pin num="AD5" name="AD5" type="BiDi"/>
        <pin num="AD6" name="AD6" type="BiDi"/>
        <pin num="AD7" name="AD7" type="BiDi"/>
        <pin num="AD8" name="AD8" type="BiDi"/>
        <pin num="AD9" name="AD9" type="BiDi"/>
        <pin num="AD10" name="AD10" type="BiDi"/>
        <pin num="AD11" name="AD11" type="BiDi"/>
        <pin num="AD12" name="AD12" type="BiDi"/>
        <pin num="AD13" name="AD13" type="BiDi"/>
        <pin num="AD14" name="AD14" type="BiDi"/>
        <pin num="AD15" name="AD15" type="BiDi"/>
        <pin num="AREF" name="AREF" type="power_in"/>
        <pin num="GND1" name="GND1" type="power_in"/>
        <pin num="GND2" name="GND2" type="power_in"/>
        <pin num="GND3" name="GND3" type="power_in"/>
        <pin num="GND4" name="GND4" type="power_in"/>
        <pin num="GND5" name="GND5" type="power_in"/>
        <pin num="RST" name="RST" type="input"/>
        <pin num="V_IN" name="V_IN" type="power_in"/>
      </pins>
    </libpart>
    <libpart lib="dc-dc_conv" part="DC_DC">
      <description>DC_DC</description>
      <fields>
        <field name="Reference">P</field>
        <field name="Value">DC_DC</field>
      </fields>
      <pins>
        <pin num="1" name="P1" type="passive"/>
        <pin num="2" name="P2" type="passive"/>
        <pin num="3" name="P3" type="passive"/>
        <pin num="4" name="P4" type="passive"/>
      </pins>
    </libpart>
    <libpart lib="enc28j60_brd" part="ENC28J60_BRD">
      <fields>
        <field name="Reference">P</field>
        <field name="Value">ENC28J60_BRD</field>
      </fields>
      <pins>
        <pin num="1" name="CLK_OUT" type="passive"/>
        <pin num="2" name="INT" type="passive"/>
        <pin num="3" name="WOL" type="passive"/>
        <pin num="4" name="SO" type="passive"/>
        <pin num="5" name="SI" type="passive"/>
        <pin num="6" name="SCK" type="passive"/>
        <pin num="7" name="CS" type="passive"/>
        <pin num="8" name="RES" type="passive"/>
        <pin num="9" name="+5V" type="passive"/>
        <pin num="10" name="GND" type="passive"/>
      </pins>
    </libpart>
    <libpart lib="esda6v1-5sc6" part="ESDA6V1-5SC6">
      <footprints>
        <fp>SOT23-6</fp>
      </footprints>
      <fields>
        <field name="Reference">U</field>
        <field name="Value">ESDA6V1-5SC6</field>
      </fields>
      <pins>
        <pin num="1" name="IO1" type="input"/>
        <pin num="2" name="GND" type="input"/>
        <pin num="3" name="IO2" type="input"/>
        <pin num="4" name="IO3" type="input"/>
        <pin num="5" name="IO4" type="input"/>
        <pin num="6" name="IO5" type="input"/>
      </pins>
    </libpart>
    <libpart lib="nrf24l01_brd" part="NRF24L01_BRD">
      <fields>
        <field name="Reference">P</field>
        <field name="Value">NRF24L01_BRD</field>
      </fields>
      <pins>
        <pin num="1" name="GND" type="passive"/>
        <pin num="2" name="VCC" type="passive"/>
        <pin num="3" name="CE" type="passive"/>
        <pin num="4" name="CSN" type="passive"/>
        <pin num="5" name="SCK" type="passive"/>
        <pin num="6" name="MOSI" type="passive"/>
        <pin num="7" name="MISO" type="passive"/>
        <pin num="8" name="IRQ" type="passive"/>
      </pins>
    </libpart>
    <libpart lib="rtc_i2c_at24c32_ds1307" part="RTC_I2C_AT24C32_DS1307">
      <fields>
        <field name="Reference">P</field>
        <field name="Value">RTC_I2C_AT24C32_DS1307</field>
      </fields>
      <pins>
        <pin num="1" name="GND" type="passive"/>
        <pin num="2" name="VCC" type="passive"/>
        <pin num="3" name="SDA" type="passive"/>
        <pin num="4" name="SCL" type="passive"/>
        <pin num="5" name="DS" type="passive"/>
        <pin num="6" name="BATT" type="passive"/>
        <pin num="7" name="GND" type="passive"/>
        <pin num="8" name="Vcc" type="passive"/>
        <pin num="9" name="SDA" type="passive"/>
        <pin num="10" name="SCL" type="passive"/>
        <pin num="11" name="DS" type="passive"/>
        <pin num="12" name="SQ" type="passive"/>
      </pins>
    </libpart>
    <libpart lib="tmp275" part="TMP275">
      <fields>
        <field name="Reference">U</field>
        <field name="Value">TMP275</field>
      </fields>
      <pins>
        <pin num="1" name="SDA" type="input"/>
        <pin num="2" name="SCL" type="input"/>
        <pin num="3" name="ALERT" type="input"/>
        <pin num="4" name="GND" type="power_out"/>
        <pin num="5" name="A2" type="input"/>
        <pin num="6" name="A1" type="input"/>
        <pin num="7" name="A0" type="input"/>
        <pin num="8" name="Vcc" type="power_in"/>
      </pins>
    </libpart>
  </libparts>
  <libraries>
    <library logical="device">
      <uri>/usr/local/share/kicad/library/device.lib</uri>
    </library>
    <library logical="conn">
      <uri>/usr/local/share/kicad/library/conn.lib</uri>
    </library>
    <library logical="regul">
      <uri>/usr/local/share/kicad/library/regul.lib</uri>
    </library>
    <library logical="arduino_shieldsNCL">
      <uri>/home/daniele/r-map-code/trunk/kicad/r-map_v2/lib/arduino_shieldsNCL.lib</uri>
    </library>
    <library logical="dc-dc_conv">
      <uri>/home/daniele/r-map-code/trunk/kicad/r-map_v2/lib/dc-dc_conv.lib</uri>
    </library>
    <library logical="enc28j60_brd">
      <uri>/home/daniele/r-map-code/trunk/kicad/r-map_v2/lib/enc28j60_brd.lib</uri>
    </library>
    <library logical="nrf24l01_brd">
      <uri>/home/daniele/r-map-code/trunk/kicad/r-map_v2/lib/nrf24l01_brd.lib</uri>
    </library>
    <library logical="rtc_i2c_at24c32_ds1307">
      <uri>/home/daniele/r-map-code/trunk/kicad/r-map_v2/lib/rtc_i2c_at24c32_ds1307.lib</uri>
    </library>
    <library logical="esda6v1-5sc6">
      <uri>/home/daniele/r-map-code/trunk/kicad/r-map_v2/lib/esda6v1-5sc6.lib</uri>
    </library>
    <library logical="tmp275">
      <uri>/home/daniele/r-map-code/trunk/kicad/r-map_v2/lib/tmp275.lib</uri>
    </library>
  </libraries>
  <nets>
    <net code="1" name="Net-(D1-Pad2)">
      <node ref="R3" pin="2"/>
      <node ref="D1" pin="2"/>
    </net>
    <net code="2" name="Net-(J1-Pad9)">
      <node ref="J1" pin="9"/>
    </net>
    <net code="3" name="Net-(SHIELD1-Pad33)">
      <node ref="SHIELD1" pin="33"/>
    </net>
    <net code="4" name="Net-(SHIELD1-Pad31)">
      <node ref="SHIELD1" pin="31"/>
    </net>
    <net code="5" name="Net-(SHIELD1-Pad29)">
      <node ref="SHIELD1" pin="29"/>
    </net>
    <net code="6" name="Net-(SHIELD1-Pad27)">
      <node ref="SHIELD1" pin="27"/>
    </net>
    <net code="7" name="Net-(SHIELD1-Pad19)">
      <node ref="SHIELD1" pin="19"/>
    </net>
    <net code="8" name="Net-(SHIELD1-Pad11)">
      <node ref="SHIELD1" pin="11"/>
    </net>
    <net code="9" name="Net-(SHIELD1-Pad12)">
      <node ref="SHIELD1" pin="12"/>
    </net>
    <net code="10" name="Net-(D1-Pad1)">
      <node ref="SHIELD1" pin="13"/>
      <node ref="D1" pin="1"/>
    </net>
    <net code="11" name="Net-(P11-Pad1)">
      <node ref="P11" pin="1"/>
    </net>
    <net code="12" name="Net-(P14-Pad1)">
      <node ref="P14" pin="1"/>
    </net>
    <net code="13" name="Net-(P8-Pad6)">
      <node ref="P8" pin="6"/>
      <node ref="SHIELD1" pin="AD15"/>
    </net>
    <net code="14" name="Net-(SHIELD1-PadAD3)">
      <node ref="SHIELD1" pin="AD3"/>
    </net>
    <net code="15" name="Net-(P13-Pad1)">
      <node ref="P13" pin="1"/>
    </net>
    <net code="16" name="Net-(P8-Pad12)">
      <node ref="P8" pin="12"/>
    </net>
    <net code="17" name="Net-(P8-Pad11)">
      <node ref="P8" pin="11"/>
    </net>
    <net code="18" name="Net-(P8-Pad10)">
      <node ref="P8" pin="10"/>
    </net>
    <net code="19" name="Net-(P8-Pad9)">
      <node ref="P8" pin="9"/>
    </net>
    <net code="20" name="Net-(P8-Pad8)">
      <node ref="P8" pin="8"/>
    </net>
    <net code="21" name="Net-(P8-Pad7)">
      <node ref="P8" pin="7"/>
    </net>
    <net code="22" name="Net-(P8-Pad5)">
      <node ref="P8" pin="5"/>
    </net>
    <net code="23" name="Net-(U1-Pad1)">
      <node ref="U1" pin="1"/>
    </net>
    <net code="24" name="Net-(P4-Pad3)">
      <node ref="P4" pin="3"/>
    </net>
    <net code="25" name="Net-(P2-Pad2)">
      <node ref="P2" pin="2"/>
    </net>
    <net code="26" name="Net-(U1-Pad3)">
      <node ref="U1" pin="3"/>
    </net>
    <net code="27" name="Net-(SHIELD1-Pad5V_5)">
      <node ref="SHIELD1" pin="5V_5"/>
    </net>
    <net code="28" name="Net-(SHIELD1-Pad5V_4)">
      <node ref="SHIELD1" pin="5V_4"/>
    </net>
    <net code="29" name="Net-(P10-Pad5)">
      <node ref="P10" pin="5"/>
      <node ref="SHIELD1" pin="4"/>
    </net>
    <net code="30" name="Net-(SHIELD1-Pad17)">
      <node ref="SHIELD1" pin="17"/>
    </net>
    <net code="31" name="Net-(SHIELD1-Pad16)">
      <node ref="SHIELD1" pin="16"/>
    </net>
    <net code="32" name="Net-(SHIELD1-Pad15)">
      <node ref="SHIELD1" pin="15"/>
    </net>
    <net code="33" name="Net-(SHIELD1-Pad14)">
      <node ref="SHIELD1" pin="14"/>
    </net>
    <net code="34" name="Net-(SHIELD1-Pad0)">
      <node ref="SHIELD1" pin="0"/>
    </net>
    <net code="35" name="Net-(SHIELD1-Pad1)">
      <node ref="SHIELD1" pin="1"/>
    </net>
    <net code="36" name="Net-(P10-Pad2)">
      <node ref="P10" pin="2"/>
      <node ref="SHIELD1" pin="7"/>
    </net>
    <net code="37" name="Net-(P10-Pad3)">
      <node ref="P10" pin="3"/>
      <node ref="SHIELD1" pin="6"/>
    </net>
    <net code="38" name="Net-(P10-Pad4)">
      <node ref="P10" pin="4"/>
      <node ref="SHIELD1" pin="5"/>
    </net>
    <net code="39" name="Net-(P2-Pad8)">
      <node ref="SHIELD1" pin="48"/>
      <node ref="P2" pin="8"/>
    </net>
    <net code="40" name="Net-(U1-Pad5)">
      <node ref="U1" pin="5"/>
    </net>
    <net code="41" name="Net-(SHIELD1-Pad35)">
      <node ref="SHIELD1" pin="35"/>
    </net>
    <net code="42" name="Net-(SHIELD1-Pad38)">
      <node ref="SHIELD1" pin="38"/>
    </net>
    <net code="43" name="Net-(SHIELD1-Pad28)">
      <node ref="SHIELD1" pin="28"/>
    </net>
    <net code="44" name="Net-(P1-Pad8)">
      <node ref="SHIELD1" pin="18"/>
      <node ref="P1" pin="8"/>
    </net>
    <net code="45" name="Net-(SHIELD1-Pad47)">
      <node ref="SHIELD1" pin="47"/>
    </net>
    <net code="46" name="Net-(SHIELD1-Pad37)">
      <node ref="SHIELD1" pin="37"/>
    </net>
    <net code="47" name="Net-(SHIELD1-Pad46)">
      <node ref="SHIELD1" pin="46"/>
    </net>
    <net code="48" name="Net-(SHIELD1-Pad36)">
      <node ref="SHIELD1" pin="36"/>
    </net>
    <net code="49" name="Net-(SHIELD1-Pad26)">
      <node ref="SHIELD1" pin="26"/>
    </net>
    <net code="50" name="Net-(SHIELD1-Pad45)">
      <node ref="SHIELD1" pin="45"/>
    </net>
    <net code="51" name="Net-(SHIELD1-Pad39)">
      <node ref="SHIELD1" pin="39"/>
    </net>
    <net code="52" name="Net-(SHIELD1-Pad25)">
      <node ref="SHIELD1" pin="25"/>
    </net>
    <net code="53" name="Net-(SHIELD1-Pad44)">
      <node ref="SHIELD1" pin="44"/>
    </net>
    <net code="54" name="Net-(SHIELD1-Pad34)">
      <node ref="SHIELD1" pin="34"/>
    </net>
    <net code="55" name="Net-(SHIELD1-Pad24)">
      <node ref="SHIELD1" pin="24"/>
    </net>
    <net code="56" name="Net-(SHIELD1-Pad43)">
      <node ref="SHIELD1" pin="43"/>
    </net>
    <net code="57" name="Net-(SHIELD1-Pad23)">
      <node ref="SHIELD1" pin="23"/>
    </net>
    <net code="58" name="Net-(SHIELD1-Pad42)">
      <node ref="SHIELD1" pin="42"/>
    </net>
    <net code="59" name="Net-(SHIELD1-Pad32)">
      <node ref="SHIELD1" pin="32"/>
    </net>
    <net code="60" name="Net-(SHIELD1-PadAD10)">
      <node ref="SHIELD1" pin="AD10"/>
    </net>
    <net code="61" name="Net-(SHIELD1-PadAREF)">
      <node ref="SHIELD1" pin="AREF"/>
    </net>
    <net code="62" name="Net-(SHIELD1-PadAD14)">
      <node ref="SHIELD1" pin="AD14"/>
    </net>
    <net code="63" name="Net-(SHIELD1-PadAD13)">
      <node ref="SHIELD1" pin="AD13"/>
    </net>
    <net code="64" name="Net-(SHIELD1-PadAD12)">
      <node ref="SHIELD1" pin="AD12"/>
    </net>
    <net code="65" name="Net-(SHIELD1-PadAD11)">
      <node ref="SHIELD1" pin="AD11"/>
    </net>
    <net code="66" name="Net-(SHIELD1-Pad22)">
      <node ref="SHIELD1" pin="22"/>
    </net>
    <net code="67" name="Net-(SHIELD1-PadAD9)">
      <node ref="SHIELD1" pin="AD9"/>
    </net>
    <net code="68" name="Net-(SHIELD1-PadAD8)">
      <node ref="SHIELD1" pin="AD8"/>
    </net>
    <net code="69" name="Net-(SHIELD1-PadAD7)">
      <node ref="SHIELD1" pin="AD7"/>
    </net>
    <net code="70" name="Net-(SHIELD1-PadAD6)">
      <node ref="SHIELD1" pin="AD6"/>
    </net>
    <net code="71" name="Net-(SHIELD1-PadAD5)">
      <node ref="SHIELD1" pin="AD5"/>
    </net>
    <net code="72" name="Net-(SHIELD1-PadAD4)">
      <node ref="SHIELD1" pin="AD4"/>
    </net>
    <net code="73" name="Net-(SHIELD1-Pad3V3)">
      <node ref="SHIELD1" pin="3V3"/>
    </net>
    <net code="74" name="Net-(SHIELD1-PadAD2)">
      <node ref="SHIELD1" pin="AD2"/>
    </net>
    <net code="75" name="Net-(SHIELD1-PadAD1)">
      <node ref="SHIELD1" pin="AD1"/>
    </net>
    <net code="76" name="Net-(SHIELD1-PadAD0)">
      <node ref="SHIELD1" pin="AD0"/>
    </net>
    <net code="77" name="Net-(P15-Pad3)">
      <node ref="P15" pin="3"/>
      <node ref="SHIELD1" pin="5V"/>
    </net>
    <net code="78" name="Net-(SHIELD1-Pad49)">
      <node ref="SHIELD1" pin="49"/>
    </net>
    <net code="79" name="Net-(P15-Pad1)">
      <node ref="P15" pin="1"/>
      <node ref="P5" pin="3"/>
    </net>
    <net code="80" name="Net-(U3-Pad3)">
      <node ref="U3" pin="3"/>
    </net>
    <net code="81" name="Net-(SHIELD1-Pad41)">
      <node ref="SHIELD1" pin="41"/>
    </net>
    <net code="82" name="Net-(SHIELD1-Pad40)">
      <node ref="SHIELD1" pin="40"/>
    </net>
    <net code="83" name="Net-(SHIELD1-Pad30)">
      <node ref="SHIELD1" pin="30"/>
    </net>
    <net code="84" name="Net-(P12-Pad2)">
      <node ref="SHIELD1" pin="8"/>
      <node ref="P12" pin="2"/>
    </net>
    <net code="85" name="Net-(SHIELD1-Pad3)">
      <node ref="SHIELD1" pin="3"/>
    </net>
    <net code="86" name="Net-(SHIELD1-Pad2)">
      <node ref="SHIELD1" pin="2"/>
    </net>
    <net code="87" name="Net-(C5-Pad1)">
      <node ref="P2" pin="9"/>
      <node ref="P8" pin="2"/>
      <node ref="U2" pin="3"/>
      <node ref="P9" pin="1"/>
      <node ref="C5" pin="1"/>
      <node ref="P7" pin="1"/>
      <node ref="P15" pin="2"/>
      <node ref="P10" pin="6"/>
    </net>
    <net code="88" name="Net-(P3-Pad1)">
      <node ref="P3" pin="1"/>
      <node ref="P4" pin="1"/>
      <node ref="P5" pin="1"/>
      <node ref="SHIELD1" pin="V_IN"/>
    </net>
    <net code="89" name="Net-(P6-Pad2)">
      <node ref="P6" pin="2"/>
      <node ref="SHIELD1" pin="RST"/>
      <node ref="SW1" pin="2"/>
    </net>
    <net code="90" name="Net-(C1-Pad2)">
      <node ref="C1" pin="2"/>
      <node ref="C2" pin="2"/>
    </net>
    <net code="91" name="Net-(C1-Pad1)">
      <node ref="U2" pin="2"/>
      <node ref="P7" pin="5"/>
      <node ref="C4" pin="1"/>
      <node ref="U3" pin="8"/>
      <node ref="U3" pin="5"/>
      <node ref="C1" pin="1"/>
      <node ref="C3" pin="1"/>
      <node ref="C2" pin="1"/>
      <node ref="P9" pin="5"/>
      <node ref="P1" pin="2"/>
      <node ref="R2" pin="1"/>
      <node ref="R1" pin="1"/>
      <node ref="J1" pin="7"/>
      <node ref="J1" pin="8"/>
    </net>
    <net code="92" name="Net-(P2-Pad3)">
      <node ref="P2" pin="3"/>
    </net>
    <net code="93" name="Net-(P2-Pad1)">
      <node ref="P2" pin="1"/>
    </net>
    <net code="94" name="GND">
      <node ref="P1" pin="1"/>
      <node ref="J1" pin="2"/>
      <node ref="P12" pin="1"/>
      <node ref="U1" pin="2"/>
      <node ref="J1" pin="1"/>
      <node ref="SW1" pin="1"/>
      <node ref="P7" pin="4"/>
      <node ref="P8" pin="1"/>
      <node ref="P9" pin="4"/>
      <node ref="U3" pin="7"/>
      <node ref="SHIELD1" pin="GND2"/>
      <node ref="SHIELD1" pin="GND1"/>
      <node ref="SHIELD1" pin="GND3"/>
      <node ref="U3" pin="6"/>
      <node ref="U3" pin="4"/>
      <node ref="SHIELD1" pin="GND4"/>
      <node ref="SHIELD1" pin="GND5"/>
      <node ref="P10" pin="1"/>
      <node ref="P6" pin="1"/>
      <node ref="P2" pin="10"/>
      <node ref="C3" pin="2"/>
      <node ref="P5" pin="4"/>
      <node ref="C5" pin="2"/>
      <node ref="C4" pin="2"/>
      <node ref="R3" pin="1"/>
      <node ref="U2" pin="1"/>
    </net>
    <net code="95" name="Net-(P2-Pad7)">
      <node ref="P2" pin="7"/>
      <node ref="SHIELD1" pin="53"/>
    </net>
    <net code="96" name="Net-(P1-Pad6)">
      <node ref="P1" pin="6"/>
      <node ref="SHIELD1" pin="51"/>
      <node ref="P2" pin="5"/>
    </net>
    <net code="97" name="Net-(P1-Pad5)">
      <node ref="P2" pin="6"/>
      <node ref="P1" pin="5"/>
      <node ref="SHIELD1" pin="52"/>
    </net>
    <net code="98" name="Net-(P1-Pad4)">
      <node ref="P1" pin="4"/>
      <node ref="SHIELD1" pin="10"/>
    </net>
    <net code="99" name="Net-(P1-Pad3)">
      <node ref="P1" pin="3"/>
      <node ref="SHIELD1" pin="9"/>
    </net>
    <net code="100" name="Net-(P3-Pad2)">
      <node ref="P3" pin="2"/>
      <node ref="P4" pin="2"/>
      <node ref="P5" pin="2"/>
    </net>
    <net code="101" name="Net-(J1-Pad5)">
      <node ref="J1" pin="5"/>
      <node ref="J1" pin="6"/>
      <node ref="R1" pin="2"/>
      <node ref="P9" pin="2"/>
      <node ref="P8" pin="3"/>
      <node ref="P7" pin="2"/>
      <node ref="U3" pin="1"/>
      <node ref="U1" pin="6"/>
      <node ref="SHIELD1" pin="20"/>
    </net>
    <net code="102" name="Net-(P1-Pad7)">
      <node ref="P2" pin="4"/>
      <node ref="SHIELD1" pin="50"/>
      <node ref="P1" pin="7"/>
    </net>
    <net code="103" name="Net-(J1-Pad3)">
      <node ref="P9" pin="3"/>
      <node ref="P7" pin="3"/>
      <node ref="J1" pin="3"/>
      <node ref="U1" pin="4"/>
      <node ref="SHIELD1" pin="21"/>
      <node ref="U3" pin="2"/>
      <node ref="P8" pin="4"/>
      <node ref="J1" pin="4"/>
      <node ref="R2" pin="2"/>
    </net>
  </nets>
</export>
