Item,Reference(s),Value,Quantity,Riferimento,Valore ,Package,Esempio
1,D1,LED,1,D,LED,LED in package 0805,http://it.farnell.com/osram/lsr976/led-0805-red-50mcd-632nm/dp/1226392
2,P3 ,CONN_01X01,6,P,CONN_01X01,"pad da saldare, no componenti",
3,R1,8K2,1,,8K2,package 0805,http://it.farnell.com/panasonic-electronic-components/erj6enf8201v/res-thick-film-8k2-125mw-1-0805/dp/2303646
4,R2,15K,1,,15K,package 0805,http://it.farnell.com/panasonic-electronic-components/erj6enf1502v/res-thick-film-15k-125mw-1-0805/dp/2303671
5,R3,820,1,R,150,package 0805,http://it.farnell.com/te-connectivity/crgh0805j820r/resistore-alim-820r-0-33w-5-0805/dp/2331795
7,U1,Microduino,1,,,connettori strip pin torniti femmina 3 x 9 contatti,es http://it.farnell.com/harwin/d01-9973242/socket-sil-32-vie-circuito-pc/dp/1023035
8,U2,ITEAD_HC-05,1,,,modulo HC-06,http://www.wavesen.com/probig.asp?id=24
